genre,avg_playtime
Massively Multiplayer,725.4840940525588
Free to Play,554.4377934272301
Photo Editing,429.5833333333333
RPG,276.9858501507771
Strategy,193.13016962073567
Simulation,154.24085483249902
Adventure,151.6566985645933
Action,144.01663446190037
Racing,142.220703125
Web Publishing,136.21428571428572
